Cm0_caa_gly,Cm2_caa_gly,Cm4_caa_gly,Cm8_caa_gly,Cm12_caa_gly,Cm0_caa_glu,Cm2_caa_glu,Cm4_caa_glu,Cm8_caa_glu,Cm12_caa_glu,Cm0_gly,Cm2_gly,Cm4_gly,Cm8_gly,Cm12_gly,Cm0_glu,Cm2_glu,Cm4_glu,Cm8_glu,Cm12_glu,,
0.488299,0.862169,0.771246,0.748153,0.691802,0.853729,0.550336,0.845968,0.750473,1.370183,0.281715,0.60956,0.552732,0.787998,3.101355,0.490784,0.517038,0.593371,0.797135,0.691802,,
0.564271,0.633301,0.656415,0.665807,1.178051,0.656041,0.600676,0.632113,0.639689,0.88967,0.288271,0.524872,0.574302,1.25892,0.79102,0.46084,0.35314,0.617469,0.673202,1.178051,,
0.272776,0.494389,0.897283,0.89253,1.580476,0.672961,0.714212,0.559442,1.171508,1.274381,0.347473,1.194905,0.662304,0.58438,1.225994,0.442716,0.131424,0.601349,0.643472,1.580476,,
0.335232,0.543437,0.60203,0.716332,1.093285,1.16701,0.976102,0.60363,0.772631,0.887912,0.374755,0.597685,0.60773,0.599989,1.716279,0.187335,0.385114,0.614945,10.49558,1.093285,,
0.438711,0.701568,0.908911,0.573779,1.305165,0.526004,0.553978,0.505996,0.826089,0.931585,0.2805,0.519915,0.584678,0.793069,1.889654,0.200432,0.437638,0.602045,1.126771,1.305165,,
0.428361,0.495274,0.887848,0.774004,0.630036,0.755293,0.640065,0.69167,0.429853,0.80435,0.416285,0.451172,0.712422,0.63663,2.053424,0.444009,0.400877,1.091866,1.421428,0.630036,,
0.533781,1.19627,1.918404,0.812153,1.273055,0.512991,0.682454,0.762631,0.449489,0.688761,0.4215,0.76278,0.822254,0.761317,0.933071,0.451323,0.446575,0.876579,0.801627,1.273055,,
0.557304,0.388945,1.084425,0.836698,1.201094,0.765355,0.623127,0.790084,0.613594,1.34678,0.335153,0.608027,0.80103,0.676904,2.049233,0.566965,0.203453,0.622667,1.029688,1.201094,,
0.537778,0.346077,0.665135,0.66719,0.889604,0.559497,0.768682,0.852226,0.85498,0.934054,0.424344,0.792533,0.958144,0.742247,4.015038,0.538298,0.218791,0.642183,0.605148,0.889604,,
0.448375,0.861072,0.723762,0.944673,1.703101,0.735992,0.692729,0.765066,0.923313,0.886105,0.3354,0.570895,0.681045,1.733848,1.585685,0.569856,0.547666,0.658638,0.987284,1.703101,,
0.344208,0.719476,1.097099,1.116407,1.592802,0.735075,0.547282,0.731844,0.727705,0.800733,0.285696,0.221843,0.881518,0.883977,1.077675,0.499619,0.228842,0.99029,0.714166,1.592802,,
0.503907,0.575845,0.64555,0.663719,1.155652,0.80681,0.687576,0.799366,0.86878,0.915962,0.292897,1.064036,0.606474,0.81136,0.86685,0.389711,0.526212,1.04928,0.641019,1.155652,,
0.443554,1.093624,0.415972,0.691883,1.179265,0.692513,0.722132,0.685361,0.574952,0.956183,0.273428,0.736815,0.663719,1.180697,1.719961,0.331166,0.174023,0.680413,1.057612,1.179265,,
0.514131,0.453236,0.760069,0.773274,1.126415,0.654805,0.462994,0.804286,0.847282,0.684471,0.281858,0.862536,5.551984,1.032581,1.149564,0.331166,0.372487,0.569132,0.55022,1.126415,,
0.592212,0.412568,0.512187,1.467054,1.384047,0.813109,0.537548,0.647852,0.804264,1.01118,0.274257,1.214763,0.91036,1.615774,0.816264,0.078167,-1.31663,0.719889,0.630641,1.384047,,
0.782418,0.74894,1.199473,1.332652,1.151156,0.80211,0.410121,0.611446,0.827551,1.028043,0.292395,0.327463,0.820269,0.805679,0.988712,0.368441,0.4389,0.882843,0.675895,1.151156,,
0.437742,0.770948,0.812892,0.501553,1.271245,1.167103,0.678157,0.994492,0.720188,0.918274,0.328912,0.481791,0.726733,0.65426,1.175497,0.479619,0.467996,0.801375,0.592061,1.271245,,
0.468994,1.190673,0.717586,0.465583,0.708426,0.367055,0.76314,0.585439,0.711266,0.912891,0.272659,0.605541,0.806617,0.809765,1.00688,0.342398,0.479466,0.827827,0.614183,0.708426,,
0.447308,0.437226,0.462272,0.685157,1.880337,0.737487,0.639307,0.598035,0.605704,0.913532,0.353276,0.87197,2.264365,0.908379,0.95148,0.428451,0.618958,0.750614,0.514004,1.880337,,
0.542171,0.817799,0.772543,0.947453,1.356959,0.905357,0.636759,0.620727,0.813497,1.00882,0.207638,0.529233,0.666918,0.465361,0.732551,0.403684,0.515807,0.594061,0.878212,1.356959,,
0.568975,0.291532,1.43742,0.768442,1.25491,0.704212,0.744584,0.934587,0.897129,0.900479,0.328863,0.502132,0.869495,0.744484,0.89296,0.577547,0.367378,0.722348,0.898783,1.25491,,
0.468595,0.547552,0.529246,0.598897,0.936094,0.74819,0.532725,0.495352,0.518078,1.03118,0.211752,0.557287,0.994245,1.071816,0.869886,0.418156,0.493055,0.556923,0.673589,0.936094,,
0.452181,0.315311,0.731666,0.772642,1.306058,0.578549,0.457813,0.723309,0.792783,1.01323,0.281068,0.614301,0.819729,0.935176,0.813799,0.213388,0.529089,0.797328,0.612218,1.306058,,
0.837947,0.694166,0.567246,0.751417,0.884764,0.938419,0.99092,0.740135,0.750176,0.890527,0.279944,0.470391,0.706941,1.395636,0.8388,0.462415,0.525555,0.91351,1.206698,0.884764,,
0.708225,0.583242,0.660941,0.845235,0.650601,0.793019,0.528875,0.808909,0.817755,0.666593,0.264269,0.67536,0.743151,1.836547,1.394147,0.5269,0.471022,0.614153,0.930426,0.650601,,
0.829173,1.10454,0.704262,0.746114,1.399301,0.707188,1.023925,0.808834,0.880072,1.344956,0.316212,0.522715,0.589127,0.814254,1.15146,0.418106,0.61532,1.192877,0.621586,1.399301,,
0.218247,1.114814,0.599942,0.87006,1.079817,0.617909,0.679313,0.884079,0.849568,0.982856,0.391938,0.701309,0.530834,0.456745,1.093818,0.357207,0.678067,0.673144,0.484856,1.079817,,
0.33065,0.463991,0.748147,0.889568,0.622672,0.695104,0.590585,0.660821,0.743981,0.826322,0.294741,0.50118,0.471164,0.681432,1.11781,0.193364,0.421395,0.376645,0.650423,0.622672,,
0.53611,0.800471,0.663265,0.821927,1.125334,0.667032,0.846911,0.612102,0.63674,0.855795,0.322221,0.543882,0.562626,0.525859,1.142215,0.401443,0.5533,1.006529,0.479361,1.125334,,
0.406498,0.849066,0.495214,1.120322,1.454519,0.637318,0.715887,0.709001,0.796609,0.74176,0.389795,0.387506,0.584517,0.775918,1.285733,0.482621,0.562215,1.003384,0.440553,1.454519,,
0.430805,0.819367,0.637034,0.524734,0.864317,0.642953,0.813816,0.489737,0.767264,1.169002,0.271278,0.548238,0.556821,0.606714,0.970879,0.367211,0.553917,0.627453,0.693958,0.864317,,
0.696902,0.727171,0.627136,0.887413,0.972609,0.735999,0.472344,0.733948,0.76582,1.060086,0.332292,0.455716,0.625109,0.848557,1.075323,0.470997,0.047638,0.791867,0.677628,0.972609,,
0.396029,0.898305,0.799672,1.646547,1.29404,0.677873,0.582073,0.536969,0.726281,0.952192,0.090713,0.415361,1.030823,1.256539,1.091861,0.517117,0.540262,0.738375,0.895794,1.29404,,
0.619399,0.924657,0.684115,0.688526,1.13127,0.639707,0.986842,0.550195,0.777931,0.58273,0.405488,0.450342,0.619945,0.699365,1.000957,0.326108,0.407451,0.656274,-0.15294,1.13127,,
0.636563,0.465921,0.834892,0.583241,0.51799,0.745958,0.646923,0.653601,0.659901,0.854332,0.417622,0.565359,0.861133,0.567105,1.552893,0.368058,0.341797,0.762625,1.170081,0.51799,,
0.738873,0.476615,0.822039,0.493956,1.002187,0.745958,0.74809,0.525536,0.724941,0.90854,0.006033,0.560806,1.112428,0.349911,0.950672,0.398777,0.441208,0.984507,0.914291,1.002187,,
0.444805,0.633145,0.587544,0.817688,0.852822,0.709345,0.673018,0.753224,0.704367,0.875493,0.25392,0.425024,0.495103,0.818293,0.965166,0.498833,0.195224,0.627701,0.899269,0.852822,,
0.454618,0.553592,0.547847,0.789627,1.221643,0.64887,0.684822,0.38092,0.529665,1.051009,0.42413,0.582139,1.404292,0.892383,0.914184,0.13515,0.426067,0.741597,1.008535,1.221643,,
0.209724,0.517607,0.624598,1.015376,1.376808,0.931028,0.479644,0.835535,0.565212,0.885936,0.414428,0.483541,0.467356,0.714939,0.710479,0.453054,0.477014,0.530167,1.030204,1.376808,,
0.543474,0.507878,0.622969,0.938245,1.004907,0.579711,0.528016,0.780346,0.993704,1.025267,-0.01923,0.436743,0.608815,0.68912,1.378935,0.309613,0.492375,0.748953,0.970787,1.004907,,
0.48027,0.798374,0.416433,1.359745,1.454938,0.838796,0.560756,0.857541,0.776294,1.356058,0.315575,0.523732,0.880038,0.683605,0.600177,0.487711,0.596562,0.807418,0.684984,1.454938,,
0.595736,0.082773,0.774757,1.020413,1.133077,0.659756,0.642993,0.642765,0.649433,0.87491,0.314749,0.61667,0.763368,1.165145,1.029971,0.465709,0.430301,0.60234,0.800736,1.133077,,
0.292692,0.62277,0.805582,1.122467,0.745464,0.640944,0.686811,0.566185,1.165453,1.243742,0.36047,0.521069,0.543843,0.945189,0.914329,0.436432,0.548776,0.482683,0.52616,0.745464,,
0.366758,0.587757,0.542088,0.786528,0.928212,1.126898,0.966795,0.608884,0.766164,0.901549,0.373594,0.759051,0.783368,0.78617,1.40834,0.199138,0.294998,0.924477,0.940917,0.928212,,
0.446168,0.785804,0.629946,0.591662,1.146811,0.55144,0.589039,0.471509,0.834652,0.940928,0.308538,0.320438,0.511326,0.601647,0.77824,0.218065,0.424972,1.42935,0.724004,1.146811,,
0.458237,0.519126,0.574565,1.291655,0.724059,0.746583,0.652263,0.716076,0.455818,0.797707,0.428367,0.46402,0.453839,0.782131,1.108937,0.464898,0.331523,0.682779,0.889124,0.724059,,
0.556284,0.748244,1.401176,0.708834,1.179712,0.513115,0.707457,0.783252,0.454642,0.689475,0.501548,0.533606,0.585583,0.593984,1.173772,0.440992,0.351042,0.471577,0.897363,1.179712,,
0.588419,0.60107,0.721513,0.707832,1.668268,0.7509,0.605247,0.792216,0.630145,1.330596,0.348209,0.794252,0.587316,0.711684,1.126638,0.566737,0.515472,0.98092,0.584556,1.668268,,
0.570031,0.495535,0.770925,0.904876,0.987103,0.551812,0.837913,0.860644,0.854643,0.93127,0.448315,0.457151,0.75433,1.163664,1.099007,0.543949,0.623782,0.547721,0.612527,0.987103,,
0.497235,0.697562,0.569272,0.886761,1.253313,0.734586,0.695937,0.761204,0.92896,0.896519,0.338934,0.866247,0.716602,0.886853,3.616739,0.579306,0.555909,0.776168,0.695773,1.253313,,
0.354008,0.645433,0.501375,0.773853,1.219098,0.734332,0.565707,0.737246,0.727287,0.81978,0.313909,0.44728,0.648698,0.939798,1.006153,0.537996,0.442731,0.732306,0.625997,1.219098,,
0.526479,0.561364,0.618051,0.504045,0.847033,0.781361,0.685103,0.808951,0.84871,0.912609,0.384752,0.526843,0.740659,0.807973,1.160469,0.420423,0.308222,1.420886,0.76108,0.847033,,
0.463495,0.343872,0.604114,0.599353,0.853685,0.701407,0.74413,0.673312,0.598573,0.953687,0.312763,0.350429,0.567789,1.045106,0.872829,0.347829,0.53176,0.606714,1.694393,0.853685,,
0.526071,0.620558,0.770261,0.64294,1.523533,0.736988,0.50603,0.81161,0.851675,0.680952,0.297218,0.378573,0.694599,0.876979,1.397955,0.347829,0.422957,0.555464,0.979578,1.523533,,
0.636052,0.435488,0.692141,0.749719,1.324974,0.83722,0.568116,0.668957,0.82437,1.021578,0.296395,0.620599,0.71873,1.143122,0.877635,0.108612,0.067716,0.765494,0.891322,1.324974,,
0.773319,0.334601,0.539529,0.669102,1.115198,0.829635,0.425965,0.650485,0.829,1.011967,0.30606,0.418616,0.755088,0.90375,0.941744,0.312799,0.497301,1.129321,0.542469,1.115198,,
0.451078,0.494939,0.733101,0.631272,0.769703,1.144354,0.714485,0.964068,0.734506,0.909763,0.318846,0.39225,0.867385,1.40506,1.175405,0.475393,0.815204,0.856757,0.778318,0.769703,,
0.493532,2.010881,0.750383,0.798285,1.16696,0.393753,0.769973,0.60043,0.718348,0.918492,0.272468,0.638161,0.637486,1.25475,1.105408,0.356723,0.419451,0.443634,0.573968,1.16696,,
0.493484,0.859784,0.715399,0.771238,0.64018,0.754264,0.674597,0.629896,0.609775,0.903639,0.346693,0.398482,0.726975,0.610177,0.653183,0.433073,0.361909,0.546406,0.839339,0.64018,,
0.56313,0.84167,0.662713,0.745362,3.230639,0.894054,0.630245,0.657425,0.833225,1.007065,0.250552,0.435872,0.593482,0.783447,1.201618,0.399984,0.57787,0.644425,0.561552,3.230639,,
0.577364,0.736951,0.630645,0.163252,0.930779,0.717858,0.753138,0.932259,0.881855,0.898321,0.337694,0.420911,1.205404,0.856251,0.739121,0.58334,0.427381,0.599732,1.449626,0.930779,,
0.490987,0.548243,1.198924,0.802841,1.154904,0.757661,0.501528,0.516667,0.495851,1.034804,0.2107,0.533344,1.077655,1.18136,0.782576,0.423917,0.884517,0.591393,0.85933,1.154904,,
0.477676,0.399981,0.655595,0.719087,1.163106,0.59303,0.480695,0.729442,0.803604,0.993257,0.294184,0.552843,0.612264,1.185982,1.016905,0.229929,0.520527,0.751444,0.478214,1.163106,,
0.863307,0.482207,0.643236,0.903413,0.613151,0.917543,0.981883,0.744508,0.738256,0.878381,0.272969,0.765476,0.820103,1.001232,0.711793,0.466944,0.551603,0.6897,1.030019,0.613151,,
0.713728,0.499016,0.684652,0.874037,1.243893,0.783719,0.555712,0.816226,0.808682,0.668634,0.246309,0.539454,0.663185,1.216742,6.760735,0.53277,0.451499,0.663473,1.165152,1.243893,,
0.843789,0.654295,0.701635,0.639489,0.745964,0.751014,0.999744,0.813212,0.878283,1.307202,0.338004,0.4581,0.770406,1.227885,1.088832,0.425458,0.275053,0.634464,0.777692,0.745964,,
0.238483,0.764551,0.717946,0.59597,2.123642,0.637578,0.677353,0.885764,0.846695,0.975526,0.378322,0.677961,0.421318,0.913435,1.727046,0.380767,-0.03819,0.657295,0.858487,2.123642,,
0.384418,0.553202,0.643445,0.621115,0.687758,0.703846,0.591075,0.671042,0.761691,0.846342,0.322506,0.81017,0.706403,0.877798,1.114015,0.244512,0.471892,0.457764,0.598695,0.687758,,
0.53988,0.857174,0.6713,1.025999,0.9169,0.638597,0.849945,0.624885,0.637642,0.855138,0.359551,0.61801,0.409006,0.84716,1.285722,0.432002,0.282891,0.698129,0.615187,0.9169,,
0.437464,0.615932,0.608368,0.715203,0.626743,0.665277,0.747224,0.742353,0.80337,0.722806,0.40745,0.586031,0.537768,0.824408,1.131573,0.523824,0.30726,0.763726,0.499225,0.626743,,
0.467695,0.491029,0.854096,0.60928,1.445021,0.64314,0.80045,0.510728,0.769248,1.14427,0.287882,0.654689,0.535489,0.781354,1.302548,0.36684,0.360612,0.678044,1.049254,1.445021,,
0.699909,0.590867,0.584228,0.673219,1.41518,0.757156,0.475272,0.732653,0.767692,1.051318,0.343428,0.793418,0.544551,1.096955,1.324368,0.498058,0.425064,0.581669,0.598628,1.41518,,
0.415076,0.628628,0.604908,0.974195,0.80147,0.679705,0.600646,0.580086,0.735496,0.944718,0.1199,0.675772,0.39207,0.224478,1.135318,0.527613,0.418904,0.691558,0.993105,0.80147,,
0.625856,0.694417,0.761456,0.718383,1.35396,0.651209,0.956132,0.551346,0.783393,0.575695,0.436228,0.545738,0.650742,0.920868,0.872621,0.311255,0.52023,0.620941,0.516827,1.35396,,
0.651227,0.479216,0.866573,0.73806,0.853079,0.76937,0.664552,0.671152,0.632898,0.903476,0.407048,0.671845,0.529596,1.688956,1.412175,0.402705,0.415617,0.73598,0.512874,0.853079,,
0.724594,0.952497,0.636237,0.769072,0.64181,0.76937,0.723473,0.582402,0.761338,0.882701,0.046027,0.750036,0.541317,0.849795,0.384046,0.402261,0.590684,0.738817,0.520264,0.64181,,
0.505614,0.53929,3.282241,0.637904,0.972488,0.758292,0.691291,0.74707,0.788871,0.916593,0.263848,0.572358,-1.79451,0.999284,0.86016,0.517574,0.346011,0.546233,0.899446,1.020896,,
0.464532,0.520499,0.669688,0.799353,1.367073,0.651505,0.684321,0.392878,0.560698,1.028896,0.440719,0.718285,0.293473,0.667225,5.959647,0.164491,0.278597,0.818697,0.52745,0.972488,,
0.230978,0.526038,0.980126,0.886157,1.230723,0.92718,0.508802,0.844334,0.574712,0.888654,0.355611,0.484692,0.996555,1.263117,0.959505,0.464154,0.239626,0.729461,0.83535,1.367073,,
,,,,,,,,,,,,,,,,,,,,,
,,,,,,,,,,,,,,,,,,,,,
,,,,,,,,,,,,,,,,,,,,,
,,,,,,,,,,,,,,,,,,,,,
,,,,,,,,,,,,,,,,,,,,,
,,,,,,,,,,,,,,,,,,,,,
,,,,,,,,,,,,,,,,,,,,,
,,,,,,,,,,,,,,,,,,,,,
,,,,,,,,,,,,,,,,,,,,,
,,,,,,,,,,,,,,,,,,,,,
,,,,,,,,,,,,,,,,,,,,,
,,,,,,,,,,,,,,,,,,,,,
,,,,,,,,,,,,,,,,,,,,,
,,,,,,,,,,,,,,,,,,,,,
,,,,,,,,,,,,,,,,,,,,,
,,,,,,,,,,,,,,,,,,,,,
,,,,,,,,,,,,,,,,,,,,,
,,,,,,,,,,,,,,,,,,,,,
,,,,,,,,,,,,,,,,,,,,,
,,,,,,,,,,,,,,,,,,,,,
,,,,,,,,,,,,,,,,,,,,,
,,,,,,,,,,,,,,,,,,,,,
,,,,,,,,,,,,,,,,,,,,,
,,,,,,,,,,,,,,,,,,,,,
,,,,,,,,,,,,,,,,,,,,,
,,,,,,,,,,,,,,,,,,,,,
,,,,,,,,,,,,,,,,,,,,,
,,,,,,,,,,,,,,,,,,,,,
,,,,,,,,,,,,,,,,,,,,,
,,,,,,,,,,,,,,,,,,,,,
,,,,,,,,,,,,,,,,,,,,,
,,,,,,,,,,,,,,,,,,,,,
,,,,,,,,,,,,,,,,,,,,,
,,,,,,,,,,,,,,,,,,,,,
,,,,,,,,,,,,,,,,,,,,,
,,,,,,,,,,,,,,,,,,,,,
,,,,,,,,,,,,,,,,,,,,,
,,,,,,,,,,,,,,,,,,,,,
,,,,,,,,,,,,,,,,,,,,,
,,,,,,,,,,,,,,,,,,,,,
,,,,,,,,,,,,,,,,,,,,,
,,,,,,,,,,,,,,,,,,,,,
,,,,,,,,,,,,,,,,,,,,,
,,,,,,,,,,,,,,,,,,,,,
,,,,,,,,,,,,,,,,,,,,,
,,,,,,,,,,,,,,,,,,,,,
,,,,,,,,,,,,,,,,,,,,,
,,,,,,,,,,,,,,,,,,,,,
,,,,,,,,,,,,,,,,,,,,,
,,,,,,,,,,,,,,,,,,,,,
,,,,,,,,,,,,,,,,,,,,,
,,,,,,,,,,,,,,,,,,,,,
,,,,,,,,,,,,,,,,,,,,,
,,,,,,,,,,,,,,,,,,,,,
,,,,,,,,,,,,,,,,,,,,,
,,,,,,,,,,,,,,,,,,,,,
,,,,,,,,,,,,,,,,,,,,,
,,,,,,,,,,,,,,,,,,,,,
,,,,,,,,,,,,,,,,,,,,,
,,,,,,,,,,,,,,,,,,,,,
,,,,,,,,,,,,,,,,,,,,,
,,,,,,,,,,,,,,,,,,,,,
,,,,,,,,,,,,,,,,,,,,,
,,,,,,,,,,,,,,,,,,,,,
,,,,,,,,,,,,,,,,,,,,,
,,,,,,,,,,,,,,,,,,,,,
,,,,,,,,,,,,,,,,,,,,,
,,,,,,,,,,,,,,,,,,,,,
,,,,,,,,,,,,,,,,,,,,,
,,,,,,,,,,,,,,,,,,,,,
,,,,,,,,,,,,,,,,,,,,,
,,,,,,,,,,,,,,,,,,,,,
,,,,,,,,,,,,,,,,,,,,,
,,,,,,,,,,,,,,,,,,,,,
,,,,,,,,,,,,,,,,,,,,,
,,,,,,,,,,,,,,,,,,,,,
,,,,,,,,,,,,,,,,,,,,,
,,,,,,,,,,,,,,,,,,,,,
,,,,,,,,,,,,,,,,,,,,,
,,,,,,,,,,,,,,,,,,,,,
,,,,,,,,,,,,,,,,,,,,,
,,,,,,,,,,,,,,,,,,,,,
,,,,,,,,,,,,,,,,,,,,,
,,,,,,,,,,,,,,,,,,,,,
,,,,,,,,,,,,,,,,,,,,,
,,,,,,,,,,,,,,,,,,,,,
,,,,,,,,,,,,,,,,,,,,,
,,,,,,,,,,,,,,,,,,,,,
,,,,,,,,,,,,,,,,,,,,,
,,,,,,,,,,,,,,,,,,,,,
,,,,,,,,,,,,,,,,,,,,,
,,,,,,,,,,,,,,,,,,,,,
,,,,,,,,,,,,,,,,,,,,,
,,,,,,,,,,,,,,,,,,,,,
,,,,,,,,,,,,,,,,,,,,,
,,,,,,,,,,,,,,,,,,,,,
,,,,,,,,,,,,,,,,,,,,,
,,,,,,,,,,,,,,,,,,,,,
,,,,,,,,,,,,,,,,,,,,,
,,,,,,,,,,,,,,,,,,,,,
,,,,,,,,,,,,,,,,,,,,,
,,,,,,,,,,,,,,,,,,,,,
,,,,,,,,,,,,,,,,,,,,,
,,,,,,,,,,,,,,,,,,,,,
,,,,,,,,,,,,,,,,,,,,,
,,,,,,,,,,,,,,,,,,,,,
,,,,,,,,,,,,,,,,,,,,,
,,,,,,,,,,,,,,,,,,,,,
,,,,,,,,,,,,,,,,,,,,,
,,,,,,,,,,,,,,,,,,,,,
,,,,,,,,,,,,,,,,,,,,,
,,,,,,,,,,,,,,,,,,,,,
,,,,,,,,,,,,,,,,,,,,,
,,,,,,,,,,,,,,,,,,,,,
,,,,,,,,,,,,,,,,,,,,,
,,,,,,,,,,,,,,,,,,,,,
,,,,,,,,,,,,,,,,,,,,,
,,,,,,,,,,,,,,,,,,,,,
,,,,,,,,,,,,,,,,,,,,,
,,,,,,,,,,,,,,,,,,,,,
,,,,,,,,,,,,,,,,,,,,,
,,,,,,,,,,,,,,,,,,,,,
,,,,,,,,,,,,,,,,,,,,,
,,,,,,,,,,,,,,,,,,,,,
,,,,,,,,,,,,,,,,,,,,,
,,,,,,,,,,,,,,,,,,,,,
,,,,,,,,,,,,,,,,,,,,,
,,,,,,,,,,,,,,,,,,,,,
,,,,,,,,,,,,,,,,,,,,,
,,,,,,,,,,,,,,,,,,,,,
,,,,,,,,,,,,,,,,,,,,,
,,,,,,,,,,,,,,,,,,,,,
,,,,,,,,,,,,,,,,,,,,,
,,,,,,,,,,,,,,,,,,,,,
,,,,,,,,,,,,,,,,,,,,,
,,,,,,,,,,,,,,,,,,,,,
,,,,,,,,,,,,,,,,,,,,,
,,,,,,,,,,,,,,,,,,,,,
,,,,,,,,,,,,,,,,,,,,,
,,,,,,,,,,,,,,,,,,,,,
,,,,,,,,,,,,,,,,,,,,,
,,,,,,,,,,,,,,,,,,,,,
,,,,,,,,,,,,,,,,,,,,,
,,,,,,,,,,,,,,,,,,,,,
,,,,,,,,,,,,,,,,,,,,,
,,,,,,,,,,,,,,,,,,,,,
,,,,,,,,,,,,,,,,,,,,,
,,,,,,,,,,,,,,,,,,,,,
,,,,,,,,,,,,,,,,,,,,,
,,,,,,,,,,,,,,,,,,,,,
,,,,,,,,,,,,,,,,,,,,,
,,,,,,,,,,,,,,,,,,,,,
,,,,,,,,,,,,,,,,,,,,,
,,,,,,,,,,,,,,,,,,,,,
,,,,,,,,,,,,,,,,,,,,,
,,,,,,,,,,,,,,,,,,,,,
,,,,,,,,,,,,,,,,,,,,,
,,,,,,,,,,,,,,,,,,,,,
,,,,,,,,,,,,,,,,,,,,,
,,,,,,,,,,,,,,,,,,,,,
,,,,,,,,,,,,,,,,,,,,,
,,,,,,,,,,,,,,,,,,,,,
,,,,,,,,,,,,,,,,,,,,,
,,,,,,,,,,,,,,,,,,,,,
,,,,,,,,,,,,,,,,,,,,,
,,,,,,,,,,,,,,,,,,,,,
,,,,,,,,,,,,,,,,,,,,,
,,,,,,,,,,,,,,,,,,,,,
,,,,,,,,,,,,,,,,,,,,,
,,,,,,,,,,,,,,,,,,,,,
,,,,,,,,,,,,,,,,,,,,,
,,,,,,,,,,,,,,,,,,,,,
,,,,,,,,,,,,,,,,,,,,,
,,,,,,,,,,,,,,,,,,,,,
,,,,,,,,,,,,,,,,,,,,,
,,,,,,,,,,,,,,,,,,,,,
,,,,,,,,,,,,,,,,,,,,,
,,,,,,,,,,,,,,,,,,,,,
,,,,,,,,,,,,,,,,,,,,,
,,,,,,,,,,,,,,,,,,,,,
,,,,,,,,,,,,,,,,,,,,,
,,,,,,,,,,,,,,,,,,,,,
,,,,,,,,,,,,,,,,,,,,,
,,,,,,,,,,,,,,,,,,,,,
,,,,,,,,,,,,,,,,,,,,,
,,,,,,,,,,,,,,,,,,,,,
,,,,,,,,,,,,,,,,,,,,,
,,,,,,,,,,,,,,,,,,,,,
,,,,,,,,,,,,,,,,,,,,,
,,,,,,,,,,,,,,,,,,,,,
,,,,,,,,,,,,,,,,,,,,,
,,,,,,,,,,,,,,,,,,,,,
,,,,,,,,,,,,,,,,,,,,,
,,,,,,,,,,,,,,,,,,,,,
,,,,,,,,,,,,,,,,,,,,,
,,,,,,,,,,,,,,,,,,,,,
,,,,,,,,,,,,,,,,,,,,,
,,,,,,,,,,,,,,,,,,,,,
,,,,,,,,,,,,,,,,,,,,,
,,,,,,,,,,,,,,,,,,,,,
,,,,,,,,,,,,,,,,,,,,,
,,,,,,,,,,,,,,,,,,,,,
,,,,,,,,,,,,,,,,,,,,,
,,,,,,,,,,,,,,,,,,,,,
,,,,,,,,,,,,,,,,,,,,,
,,,,,,,,,,,,,,,,,,,,,
,,,,,,,,,,,,,,,,,,,,,
,,,,,,,,,,,,,,,,,,,,,